{
    "Number of Data (Countries/Driver Types)": 214,
    "Number of Years": 20,
    "Mean of Tree Cover Loss": 103698.94074058531,
    "Mean of CO2": 41604199.44815443,
    "Std of Tree Cover Loss": 426795.1186891946,
    "Std of CO2": 168701432.12203524,
    "Median of Years": 2010.0
}