{
    "Number of Data (Countries/Driver Types)": 6,
    "Number of Years": 20,
    "Mean of Tree Cover Loss": 3428114.1421875,
    "Mean of CO2": 1375365495.9333334,
    "Std of Tree Cover Loss": 2511359.050089085,
    "Std of CO2": 1246965544.0527112,
    "Median of Years": 2010.5
}